Nom,Prix,Description,Isbn,Photo,Editeur,Categorie
Antigone,18.97,"""L&#39Antigone de Sophocle, lue et relue et que je connaissais par coeur depuis toujours, a été un choc soudain pour moi pendant la guerre, le jour des petites affiches rouges. Je l&#39ai réécrite à ma façon, avec la résonance de la tragédie que nous étions alors en train de vivre."" Jean Anouilh.",978-2710381419,https://m.media-amazon.com/images/I/71EoBhWCc4L._SY522_.jpg,La Table Ronde; 1er édition (8 juin 2016),Pieces de theatre
Incendies le sang des promesses - Babel 1027,9.97,"Lorsque le notaire Lebel fait aux jumeaux Jeanne et Simon Marwan la lecture du testament de leur mère Nawal, il réveille en eux l’incertaine histoire de leur naissance : qui dont fut leur père, et par quelle odyssée ont-ils vu le jour loin du pays d’origine de leur mère ? En remettant à chacun une enveloppe, destinées l’une à ce père qu’ils croyaient mort et l’autre à leur frère dont ils ignorent l’existence, il va les plonger dans l’aveu de l’irréparable…",978-2742793129,https://m.media-amazon.com/images/I/61TBf3HC2pS._SY522_.jpg,Actes Sud (5 janvier 2011),Pieces de theatre
Rhinocéros,8.5,"""Ce sont eux qui sont beaux. J&#39ai eu tort ! Oh ! comme je voudrais être comme eux. Je n&#39ai pas de corne, hélas ! Que c&#39est laid, un front plat. Il m&#39en faudrait une ou deux, pour rehausser mes traits tombants. Ça viendra peut-être, et je n&#39aurai plus honte, je pourrai aller tous les retrouver. Mais ça ne pousse pas ! (Il regarde les paumes de ses mains.) Mes mains sont moites. Deviendrontelles rugueuses ? (Il enlève son veston, défait sa chemise, contemple sa poitrine dans la glace.) J&#39ai la peau flasque. Ah, ce corps trop blanc, et poilu ! Comme je voudrais avoir une peau dure et cette magnifique couleur d&#39un vert sombre, une nudité décente, sans poils, comme la leur !""",978-2070368167,https://m.media-amazon.com/images/I/71bSIQCGAwL._SY522_.jpg,FOLIO; New édition (1 mai 1972),Pieces de theatre
1984,7.74,"Année 1984 en Océanie. 1984 ? C&#39est en tout cas ce qu&#39il semble à Winston, qui ne saurait toutefois en jurer. Le passé a été réinventé, et les événements les plus récents sont susceptibles d&#39être modifiés. Winston est lui-même chargé de récrire les archives qui contredisent le présent et les promesses de Big Brother. Grâce à une technologie de pointe, ce dernier sait tout, voit tout. Liberté est Servitude. Ignorance est Puissance. Telles sont les devises du régime. Pourtant Winston refuse de perdre espoir. Avec l&#39insoumise Julia, ils vont tenter d&#39intégrer la Fraternité, une organisation ayant pour but de renverser Big Brother. Mais celui-ci veille...",978-2072878497,https://m.media-amazon.com/images/I/71Y9X7FYkcL._SY522_.jpg,FOLIO (28 mai 2020),Pieces de theatre
Le Dieu du carnage - Classiques et Contemporains,17.79,Une comédie drôle et grinçante sur notre société,978-2210755642,https://m.media-amazon.com/images/I/61QZheDNZ0L._SY522_.jpg,MAGNARD; 1er édition (27 avril 2011),Pieces de theatre
Antigone,6.43,En lien avec l’objet d’étude « Agir dans la cité : individu et pouvoir » du programme de français en 3,978-2218959226,https://m.media-amazon.com/images/I/81ZL2pk6NVL._SY522_.jpg,Hatier (21 mars 2012),Pieces de theatre
Le Prénom,18.11,"Vincent, la quarantaine triomphante, va être père pour la première fois. Invité à dîner chez Élisabeth et Pierre, sa sœur et son beau-frère, il y retrouve Claude, un ami d’enfance. En attendant l’arrivée d’Anna, sa jeune épouse, on le presse de questions sur sa future paternité. Mais quand on lui demande s’ils ont déjà choisi un prénom pour l’enfant à naître, sa réponse plonge la petite assemblée dans le chaos…",978-2749812236,https://m.media-amazon.com/images/I/61OZ52ZjzGL._SY522_.jpg,L&#39Avant-Scène théâtre; 1er édition (16 mai 2012),Pieces de theatre
La gloire de mon père,13.58,"Un petit Marseillais d&#39il y a un siècle: l&#39école primaire ; le cocon familial ; les premières vacances dans les collines, à La Treille ; la première chasse avec son père...

Lorsqu il commence à rédiger ses",978-2877065078,https://m.media-amazon.com/images/I/91CiR5IZWLL._SY522_.jpg,Grasset; Student édition (25 août 2004),Pieces de theatre
Le Médecin malgré lui,19.22,"Sganarelle, ivrogne notoire et mari violent, mérite sans doute une bonne punition... Sa femme Martine se venge et voilà le bûcheron contraint de se dire médecin, puis de guérir Lucinde qui a subitement perdu la parole.
Mais les coups de bâton pire, la potence ! le guettent, et pour y échapper, il lui faut ruser. Et Sganarelle de feindre l assurance, les gestes et le langage des médecins du XVIIe siècle... sans jamais lever le masque !",978-2081386747,https://m.media-amazon.com/images/I/51fHHLdrAFL._SY522_.jpg,FLAMMARION (22 juin 2016),Pieces de theatre
Paroles,15.57,"""Alors vous arrachez tout doucement une des plumes de l&#39oiseau et vous écrivez votre nom dans un coin du tableau."" L&#39oiseau : un des motifs les plus fréquents de Paroles, le recueil de Prévert qui connut un immédiat succès public au moment de sa parution en 1946. L&#39oiseau ""qui rit aux éclats"", ""qui rit comme un enfant"", qui parle aussi avec une politesse exquise : ""Vous êtes tout excusé tout le monde peut se tromper."" L&#39oiseau ""marrant"", ""rieur"", ""libre"", ""fraternel"" se glisse au fil des pages, s&#39envole quand on ouvre sa cage puisqu&#39il symbolise la liberté, cette valeur suprême à laquelle le poète a su donner une voix unique. Liberté de ton, de rêver, d&#39espérer : ces poèmes sont faits pour vous. + un dossier en quatre parties : Je découvre J&#39analyse Nous avons la parole Prolongements Classe de troisième.",978-2070794010,https://m.media-amazon.com/images/I/81kbucl-UDL._SY522_.jpg,Folio (20 octobre 2016),Pieces de theatre
Les Justes/ The Right ones,16.97,"«En février 1905, à Moscou, un groupe de terroristes, appartenant au parti socialiste révolutionnaire, organisait un attentat à la bombe contre le grand-duc Serge, oncle du tsar. Cet attentat et les circonstances singulières qui l&#39ont précédé et suivi font le sujet des Justes. Si extraordinaires que puissent paraître, en effet, certaines des situations de cette pièce, elles sont pourtant historiques. Ceci ne veut pas dire, on le verra d&#39ailleurs, que Les Justes soient une pièce historique. Mais tous les personnages ont réellement existé et se sont conduits comme je le dis. J&#39ai seulement tâché à rendre vraisemblable ce qui était déjà vrai… La haine qui pesait sur ces âmes exceptionnelles comme une intolérable souffrance est devenue un système confortable. Raison de plus pour évoquer ces grandes ombres, leur juste révolte, leur fraternité difficile, les efforts démesurés qu&#39elles firent pour se mettre en accord avec le meurtre - et pour dire ainsi où est notre fidélité.» Albert Camus.",978-2070364770,https://m.media-amazon.com/images/I/91mFkkLovGL._SY522_.jpg,"Gallimard; N°477; © Éditions Gallimard, 1950. (8 novembre 1973)",Pieces de theatre
Les Fourberies de Scapin,12.32,Carrés Classiques Collège : Les Fourberies de Scapin de Molière,978-2091887630,https://m.media-amazon.com/images/I/61An7hNo-wL._SY385_.jpg,Nathan; Illustrated édition (23 mai 2018),Pieces de theatre
Le Mariage de Figaro: Comédie en cinq actes en prose,16.2,"Dossier pédagogique de Julie Proust.  Au cours de cette folle journée, Beaumarchais évoque les rapports maîtres-valets et la question de la condition de la femme, tout en renouvelant profondément le genre de la comédie. Dans le volume, de nombreuses activités d&#39appropriation et d&#39étude de la langue, ainsi qu&#39un cahier photos et un groupement de textes en lien avec le parcours associé « La comédie du valet » (Nouveaux programmes, Bac 2020). Groupements de textes : La comédie du valet Scènes de reconnaissance",979-1035805326,https://m.media-amazon.com/images/I/61m7ht4VYaL._SY522_.jpg,Belin - Gallimard; Illustrated édition (29 mai 2019),Pieces de theatre
Le Tartuffe,10.71,"Préface de Arthur Nauzyciel. Edition établie, annotée et commentée par Laurence Rauline.",978-2218958915,https://m.media-amazon.com/images/I/71XC2imquOL._SY522_.jpg,Hatier (10 août 2011),Pieces de theatre
Le Silence de la mer,9.74,"Incontournable chef d&#39ouvre de la Résistance, Le Silence de la mer fait le récit d&#39une rencontre forcée entre un officier allemand et une famille française obligée de l&#39héberger.

Les nouvelles réunies dans ce recueil présentent la sinistre vérité d&#39une époque : celle, de l&#39occupation, de la collaboration, de l&#39holocauste. Grâce aux montages narratifs subtils, aux jeux sur le point de vue et l&#39énonciation, l&#39indignation s&#39exprime par des touches brèves, mais intenses, qui retentiront longtemps dans l&#39esprit des élèves.

Niveau 3 : recommandé pour les classes de troisième, seconde professionnelle et terminale BEP.",978-2210754133,https://m.media-amazon.com/images/I/81dcGOTnksL._SY522_.jpg,Magnard; 1er édition (15 juin 2001),Pieces de theatre
Incendies (2),18.6,"Lorsque le notaire Lebel fait aux jumeaux Jeanne et Simon Marwan la lecture du testament de leur mère Nawal, il réveille en eux l&#39incertaine histoire de leur naissance : qui donc fut leur père, et par quelle odyssée ont-ils vu le jour loin du pays d&#39origine de leur mère ? En remettant à chacun une enveloppe, destinées l&#39une à ce père qu&#39ils croyaient mort et l&#39autre à leur frère dont ils ignoraient l&#39existence, il fait bouger les continents de leur douleur : dans le livre des heures de cette famille, des drames insoupçonnés les attendent, qui portent les couleurs de l&#39irréparable. Mais le prix à payer pour que s&#39apaise l&#39âme tourmentée de Nawal risque de dévorer les destins de Jeanne et de Simon.

«Né au Liban, Wajdi Mouawad a vécu quelques années à Paris avant de s&#39installer à Montréal. Ses pièces, notamment» Littoral, Pacamambo« et »Rêves«, ont été jouées au Québec, au Canada et en Euroep. Il est aussi l&#39auteur d&#39un roman, »Visage retrouvé «(Leméac/Actes Sud, 2002).»",978-2742783366,https://m.media-amazon.com/images/I/31iDggH+6ZL._SY445_SX342_.jpg,Actes Sud; 2e édition (20 avril 2009),Pieces de theatre
Huis clos: Pièce en un acte,5.7,"Un publiciste adultère fusillé pour avoir déserté, une jeune bourgeoise qui a noyé son enfant et poussé son amant au suicide, une employée des postes lesbienne qui a peut-être une mort sur la conscience : les trois se retrouvent en Enfer. Contrairement à ce qu&#39ils croyaient, l&#39Enfer n&#39est pas une chambre de torture mais un salon Second Empire où ils vont - éternellement - s&#39épier, se provoquer, tenter de se séduire et surtout se déchirer. On l&#39aura compris : ""L&#39Enfer, c&#39est les Autres."" Créé en 1944, Huis clos illustre une réflexion philosophique menée par Sartre un an plus tôt dans L&#39Être et le Néant, en particulier sur le ""regard de l&#39autre"" qui me constitue en ""esclave"" vis-à-vis de lui. À ce titre, la pièce s&#39inscrit dans la tradition, vivace jusqu&#39après la guerre, du ""théâtre d&#39idées"". Mais, en interrogeant le sens même de l&#39existence par des dialogues de tous les jours, dans un décor bourgeois qui figure un univers irréel, elle annonce aussi le ""théâtre de l&#39absurde"" qui triomphera dans les années 1950. Comédie de boulevard à portée métaphysique, elle doit à cette vocation paradoxale d&#39être aujourd&#39hui encore, en France et à l&#39étranger, l&#39un des plus grands succès du théâtre français contemporain.",978-2072790416,https://m.media-amazon.com/images/I/61C5OrAcu-L._SY522_.jpg,FOLIO THEATRE (26 septembre 2019),Pieces de theatre
Andromaque,19.53,"Oreste aime Hermione, qui aime Pyrrhus, qui aime Andromaque, qui n&#39aime que son époux défunt et son jeune fils. Le premier chef-d&#39oeuvre de Racine n&#39oppose que quatre personnages, parmi lesquels les femmes, Andromaque, Hermione, dominent. La folie emporte Hermione et Oreste, et la pièce se clôt sur la victoire de la pureté. Tant de violence et tant de dépouillement, voilà les causes du succès de la première grande tragédie de Racine.",978-2070466641,https://m.media-amazon.com/images/I/71nbba4oGdL._SY522_.jpg,Folio; Folio Classique édition (5 juin 2015),Pieces de theatre
Pour un oui ou pour un non,17.45,"Dans une action concentrée, où tout ce qui compte est ce qui n&#39est pas dit, deux hommes s&#39affrontent, prennent à tour de rôle la position du dominant ou du dominé, deux amis se brouillent - peut-être - "" pour un oui ou pour un non "". La tension qui existe sous les mots les plus simples, les mouvements physiologiques et psychiques souterrains communiquent au public une sensation de malaise, en même temps qu&#39ils le fascinent. Car cette dispute est la nôtre, ces mots, nous les avons prononcés, ces silences, nous les avons entendus. Tout un passé refoulé se représente, une profondeur inconsciente, des pulsions agressives. Par les mots, nous nous déchirons nous-mêmes, et nous déchirons les autres. Mais le silence est pire.",978-2070407514,https://m.media-amazon.com/images/I/51NZSTlGDUL._SY522_.jpg,FOLIO THEATRE (12 octobre 1999),Pieces de theatre
Initiation au théâtre - Courtes pièces à lire et à jouer - Classiques et Contemporains,7.84,,978-2210755758,https://m.media-amazon.com/images/I/614dnueTpVL._SY522_.jpg,MAGNARD; 1er édition (22 mars 2013),Pieces de theatre
Le Cid,6.9,"Rodrigue et Chimène s&#39aiment et s&#39apprêtent à se marier. Mais lorsque le comte de Gomès, le père de Chimène, donne un soufflet à don Diègue, celui de Rodrigue, c&#39est au jeune homme que revient le devoir de laver, dans le sang, l&#39outrage fait à son vieux père. Rodrigue a "" du coeur "", mais il ne sait que faire : mourir sans offenser Chimène ? Se venger et la perdre ? Cruel dilemme. Le Cid est un poème amoureux. Corneille raconte l&#39histoire d&#39une jeunesse que ses aînés condamnent au renoncement et que les sentiments poussent à la révolte.- Objet d&#39étude : Dire l&#39amour ; Individu et société : confrontation de valeurs ?- Dossier pédagogique spécial nouveaux programmes- Prolongement : La querelle du CidClasse de quatrième.",978-2290151402,https://m.media-amazon.com/images/I/616Ihjz3IcL._SY522_.jpg,Librio (8 novembre 2017),Pieces de theatre
Roberto Zucco suivi de Tabataba - Coco,8.58,"Un trajet invraisemblable, un personnage mythique, un héros comme Samson ou Goliath, monstres de force, abattus finalement par un caillou ou par une femme. Roberto Zucco est paru en 1990.",978-2707321749,https://m.media-amazon.com/images/I/51TNMKPdHuL._SY522_.jpg,MINUIT (11 janvier 2011),Pieces de theatre
La Leçon,11.18,"La Leçon est l&#39une des pièces les plus jouées et les plus lues d&#39Eugène Ionesco. Elle commence comme une satire hilarante de l&#39enseignement, pour faire allusion ensuite à de savantes théories linguistiques : le ton, alors, change : la farce se termine en tragédie lorsque le professeur tue son élève. Mais cette tragédie est, elle aussi, parodique : chacun lui donne le sens qu&#39il veut. la couverture peut différer",978-2070388653,https://m.media-amazon.com/images/I/81kgZUaapHL._SY522_.jpg,FOLIO THEATRE; Folio Théâtre édition (15 mars 1994),Pieces de theatre
Montserrat,13.6,,978-2253003533,https://m.media-amazon.com/images/I/71-uzI-9ejL._SY522_.jpg,Le Livre de Poche; Le Livre de Poche édition (1 janvier 2014),Pieces de theatre
"Le Voyageur sans bagage, suivi de Le Bal des voleurs",11.86,"Je ne suis pas Jacques Renaud : je ne reconnais rien ici de ce qui a été à lui. Un moment, oui, en vous écoutant parler, je me suis confondu avec lui. Je vous demande pardon. Mais voyez-vous pour un homme sans mémoire, un passé tout entier, c&#39est trop lourd à endosser en une seule fois. Si vous voulez me faire plaisir, pas seulement me faire plaisir, me faire du bien, vous me permettriez de retourner à l&#39asile. Je plantais des salades, je cirais les parquets. Les jours passaient... Mais même au bout de dix-huit ans - une autre moitié exactement de ma vie - ils n&#39étaient pas parvenus, en s&#39ajoutant les uns les autres, à faire cette chose dévorante que vous appelez un passé.",978-2070367597,https://m.media-amazon.com/images/I/71QUCIT10TL._SY522_.jpg,FOLIO; 1er édition (9 juin 1972),Pieces de theatre
Poèmes amateurs 4: 68 poètes de tous horizons à découvrir !,7.28,,979-8312701630,https://m.media-amazon.com/images/I/71JJ24OdPfL._SY522_.jpg,Independently published (8 mars 2025),Pieces de theatre
Phèdre,16.73,"Alors que Thésée, roi d&#39Athènes, est introuvable, un sentiment trouble attache Phèdre, épouse du souverain, à son beau-fils, Hippolyte. Mais, toute à son culte, elle en vient à mépriser son idole : la princesse n&#39a pas l&#39amour aimant, et Hippolyte paiera cher sa préférence pour la pure Aricie. Phèdre est un corps brûlant, que la morale encombre et que les remords ennuient. Car l&#39incestueuse connaît un amour qui ne souffre pas l&#39objection. Elle aime en femme et en mère. Elle aime en monstre.",978-2070466665,https://m.media-amazon.com/images/I/81cn6SOOq8L._SY522_.jpg,Folio (5 juin 2015),Pieces de theatre
Antigone,19.62,"«L&#39Antigone de Sophocle, lue et relue et que je connaissais par cour depuis toujours, a été un choc soudain pour moi pendant la guerre, le jour des petites affiches rouges. Je l&#39ai réécrite à ma façon, avec la résonance de la tragédie que nous étions alors en train de vivre.» Jean Anouilh.",978-2710330400,https://m.media-amazon.com/images/I/71YaZvOn64L._SY522_.jpg,La Table Ronde; La Table ronde édition (13 mars 2008),Pieces de theatre
En attendant Godot,9.71,"Pièce en deux actes pour cinq personnages écrite en français entre 1948 et 1949. Première publication aux Éditions de Minuit en 1952. « Vous me demandez mes idées sur En attendant Godot, dont vous me faites l&#39honneur de donner des extraits au Club d&#39essai, et en même temps mes idées sur le théâtre. Je n&#39ai pas d&#39idées sur le théâtre. Je n&#39y connais rien. Je n&#39y vais pas. C&#39est admissible. Ce qui l&#39est sans doute moins, c&#39est d&#39abord, dans ces conditions, d&#39écrire une pièce, et ensuite, l&#39ayant fait, de ne pas avoir d&#39idées sur elle non plus. C&#39est malheureusement mon cas. Il n&#39est pas donné à tous de pouvoir passer du monde qui s&#39ouvre sous la page à celui des profits et pertes, et retour, imperturbable, comme entre le turbin et le Café du Commerce. Je ne sais pas plus sur cette pièce que celui qui arrive à la lire avec attention. Je ne sais pas dans quel esprit je l&#39ai écrite. Je ne sais pas plus sur les personnages que ce qu&#39ils disent, ce qu&#39ils font et ce qui leur arrive. De leur aspect j&#39ai dû indiquer le peu que j&#39ai pu entrevoir. Les chapeaux melon par exemple. Je ne sais pas qui est Godot. Je ne sais même pas, surtout pas, s&#39il existe. Et je ne sais pas s&#39ils y croient ou non, les deux qui l&#39attendent. Les deux autres qui passent vers la fin de chacun des deux actes, ça doit être pour rompre la monotonie. Tout ce que j&#39ai pu savoir, je l&#39ai montré. Ce n&#39est pas beaucoup. Mais ça me suffit, et largement. Je dirai même que je me serais contenté de moins. Quant à vouloir trouver à tout cela un sens plus large et plus élevé, à emporter après le spectacle, avec le programme et les esquimaux, je suis incapable d&#39en voir l&#39intérêt. Mais ce doit être possible. Je n&#39y suis plus et je n&#39y serai plus jamais. Estragon, Vladimir, Pozzo, Lucky, leur temps et leur espace, je n&#39ai pu les connaître un peu que très loin du besoin de comprendre. Ils vous doivent des comptes peut-être. Qu&#39ils se débrouillent. Sans moi. Eux et moi nous sommes quittes. » (Samuel Beckett, Lettre à Michel Polac, janvier 1952)",978-2707301482,https://m.media-amazon.com/images/I/71mDR1uxUjL._SY522_.jpg,Editions de Minuit; French Language Edition (1 avril 1952),Pieces de theatre
Caligula,15.92,"Dans Folioplus classiques, le texte intégral, enrichi d&#39une lecture d&#39image, écho pictural de l&#39oeuvre, est suivi de sa mise en perspective organisée en six points : - Mouvement littéraire : Camus et l&#39absurde - Genre et registre : Sous le signe du théâtre - L&#39écrivain à sa table de travail : Écrire et récrire - Groupement de textes : Théâtre et complots - Chronologie : Albert Camus et son temps - Éléments pour une fiche de lecture Recommandé pour les classes de lycée.",978-2070446599,https://m.media-amazon.com/images/I/71uLnRgfmvL._SY522_.jpg,FOLIO PLUS CLASSIQUE (7 juin 2012),Pieces de theatre
La Réunification des deux Corées,6.78,"En une mosaïque de vingt instants singuliers, «La Réunification des deux Corées» explore la complexité des liens amoureux. Amants, amis, couples mariés ou adultères, vieilles histoires et relations passagères esquissent un tableau réaliste de ce qui nous attache et nous déchire en même temps. Réel ou ressenti, il n’y a pas d’amour, il n’y a que des manques d’amour.

«Né en 1963, Joël Pommerat, auteur et metteur en scène, a fondé la compagnie Louis Brouillard en 1990. Au théâtre, comme pour ses co llaborations à l&#39opéra, il a la particularité de ne mettre en scène que ses propres textes, Toute son oeuvre est publiée chez Actes Sud-Papiers.»",978-2330019471,https://m.media-amazon.com/images/I/71F1SbnHy2L._SY522_.jpg,Actes Sud (20 novembre 2013),Pieces de theatre
Le Grand Livre de la synergologie,11.12,,978-2266344760,https://m.media-amazon.com/images/I/61MmX-8105L._SY522_.jpg,Pocket (23 janvier 2025),Pieces de theatre
Médée,5.26,"Pour chaque titre de gloire du héros Jason, son épouse Médée a commis un crime. Pour lui, elle a trahi son pays, tué son frère et poussé des jeunes filles à assassiner leur père. Le couple vit en exil à Corinthe avec ses deux fils, jusqu&#39à ce que Jason s&#39éprenne de la fille du roi. Qu&#39il l&#39épouse, et il héritera du trône. Médée, elle, sera bannie du royaume. Mais la femme répudiée est une magicienne, experte en poisons comme en sorcellerie. Meurtrie dans sa fierté autant que dans son amour, Médée va user de tout son art pour frapper dans sa chair l&#39infidèle Jason. Objets magiques, rebondissements, effets de scène spectaculaires: pour la première tragédie de sa carrière, Corneille transpose le mythe grec de Médée dans l&#39esthétique baroque. En insistant sur la puissance et sur l&#39aura infernale de son héroïne, l&#39auteur du Cid fait du récit de sa vengeance une forme d&#39apothéose du mal.",978-2081295629,https://m.media-amazon.com/images/I/71yNsX0sjOL._SY522_.jpg,Flammarion (19 février 2014),Pieces de theatre
Ubu Roi,6.24,,978-2253149057,https://m.media-amazon.com/images/I/71YVQPpZ8hL._SY522_.jpg,Le Livre de Poche (1 juin 2000),Pieces de theatre
Le Malentendu,17.88,"Dossier pédagogique d&#39H. Doroszczuk. Dans une auberge isolée, une femme et sa fille tuent les voyageurs de passage pour les dépouiller. Elles ne reconnaissent pas celui qui revient après vingt ans d&#39absence... De cette méprise, Albert Camus fait une tragédie moderne et bouleversante. Groupements de textes : 1. De la tragédie antique à la tragédie moderne 2. Enfants et parents",978-2701189871,https://m.media-amazon.com/images/I/91ApSugCnSL._SY522_.jpg,Belin - Gallimard (10 août 2014),Pieces de theatre
La Machine infernale,10.57,,978-2253009160,https://m.media-amazon.com/images/I/719Rr08X+iL._SY522_.jpg,Le Livre de Poche (1 janvier 1992),Pieces de theatre
Les Justes,10.48,"Dans Folioplus classiques, le texte intégral, enrichi d’une lecture d’image, écho pictural de l’œuvre, est suivi de sa mise en perspective organisée en six points : • MOUVEMENT LITTÉRAIRE : L&#39écrivain et la Gorgone • GENRE ET REGISTRE : «Une histoire de grandeur racontée par des corps» • L’ÉCRIVAIN À SA TABLE DE TRAVAIL : Les Purs, l&#39épure • GROUPEMENT DE TEXTES : «Dire les événements sans jamais les vivre» • CHRONOLOGIE : Albert Camus et son temps • FICHE : Des pistes pour rendre compte de sa lecture Recommandé pour les classes de lycée.",978-2070406067,https://m.media-amazon.com/images/I/81z-PwSKNxL._SY522_.jpg,Gallimard (15 février 2010),Pieces de theatre
Espagne du Nord Ouest 4,18.9,"Un guide de référence, à la fois pratique et culturel, pour découvrir le Nord-Ouest de l&#39Espagne.",978-2816199918,https://m.media-amazon.com/images/I/81tyBFZSiAL._SY522_.jpg,Lonely Planet; 4e édition (4 mai 2023),Pieces de theatre
Le Cercle magique,5.42,,978-2051016469,https://m.media-amazon.com/images/I/41JT1Y2KZRL.jpg,Editions Slatkine (1 janvier 2000),Pieces de theatre
Le Procès du loup - Classiques et Contemporains,5.74,"Le « procès du loup »... quelle idée ! Il y a pourtant là juge, avocats, victimes, témoins... un procès digne de ce nom où les humains doivent juger le plus célèbre des personnages de conte... Le verdict sera peut-être bien différent de celui qu&#39on attendait ! Une entrée idéale dans le théâtre favorisée par la diversité des personnages, de leur caractère, de leur comportement, par la cohabitation du réel et du merveilleux. Une grande variété de rôles à tenir qui ne pourra que stimuler l&#39envie de jouer.

Diplômé d&#39art dramatique, ancien directeur général du théâtre national slovène, Zarko Petan nous livre une variation sur l&#39histoire du Petit Chaperon rouge sous la forme d&#39une pièce de théâtre drôle et originale.

Une interview exclusive de l&#39auteur permet de revenir sur la genèse de ce texte.",978-2210754911,https://m.media-amazon.com/images/I/91wjMQ4yj-L._SY522_.jpg,MAGNARD; 1er édition (6 juin 2006),Pieces de theatre
Le roi se meurt,19.34,"Dossier pédagogique de N. Saulais. Un roi va mourir, et son royaume est à l&#39agonie. Avec ce personnage pathétique, Eugène Ionesco nous confronte à la condition tragique de l&#39homme, dans une pièce sombre et drôle à la fois. Groupements de textes : 1. La mort dans la littérature du xxe siècle 2. Le théâtre dans le théâtre",978-2701155609,https://m.media-amazon.com/images/I/719a4DxQ2iL._SY522_.jpg,Belin - Gallimard; Belin Gallimard édition (18 mai 2010),Pieces de theatre
"Huis Clos Suivi De Les Mouches/ No Exit and The Flies: Suivi De, Les Mouches",13.6,Nouvelle édition en 1976,978-2070368075,https://m.media-amazon.com/images/I/71QkKO5vCWL._SY522_.jpg,Gallimard; Première édition (1 décembre 1964),Pieces de theatre
«Art»,11.96,"MARC Comment peux-tu dire, devant moi, que ces couleurs te touchent ? YVAN Parce que c&#39est la vérité. MARC La vérité ? Ces couleurs te touchent ? YVAN Oui. Ces couleurs me touchent. MARC Ces couleurs te touchent, Yvan ?! SERGE Ces couleurs le touchent ! Il a le droit ! MARC Non, il n&#39a pas le droit. SERGE Comment, il n&#39a pas le droit ?",978-2070467976,https://m.media-amazon.com/images/I/61k9sFLqShL._SY522_.jpg,FOLIO COLLECTION (3 janvier 2017),Pieces de theatre
Molière - Dom Juan,9.24,"Aimer toutes les femmes, les posséder toutes, tel est le rêve de Dom Juan. À ce jeu cruel, il consacre sa vie, allant jusqu&#39à tuer pour satisfaire son désir. S&#39attaquant à l&#39aristocratie comme au peuple, à la morale comme à la religion, sa révolte prend de la grandeur dans l&#39excès. On voudrait souvent rire ; on ne le peut pas toujours ; Molière le dit bien : ""Un grand seigneur méchant homme est une terrible chose.""",978-2070450015,https://m.media-amazon.com/images/I/81h2ssOgzIL._SY522_.jpg,FOLIO (DP) PRESCRIPTION (10 janvier 2013),Pieces de theatre
Le Voyageur sans bagage,8.47,"Promené de famille en famille à la suite d&#39une amnésie provoquée par la grande guerre, Gaston, devenu riche malgré lui grâce à ses arriérés de pension, retrouve par étapes dix-huit ans plus tard chez les Renaud des moments de sa vie antérieure. Seulement, plus les révélations s&#39accumulent jusqu&#39à la découverte ultime, plus le divorce s&#39accuse entre l&#39être qu&#39il fut et l&#39être dont il avait rêvé. Sur ce canevas qui n&#39est pas sans dettes vis-à-vis de Pirandello et de Giraudoux, Jean Anouilh compose une pièce forte autour des thèmes de la mémoire, du passé, de la société bourgeoise, de la nostalgie de la pureté et de l&#39enfance, thèmes qui s&#39installent pour jamais à l&#39horizon de l&#39oeuvre. 1937 se révèle ainsi dans sa carrière une date capitale. Le rôle de Gaston fut d&#39ailleurs tenu par les plus grands : Georges Pitoëff, Pierre Fresnay, Michel Vitold, Daniel Ivernel.",978-2070340828,https://m.media-amazon.com/images/I/81TqV1xIQVL._SY522_.jpg,FOLIO THEATRE (5 juillet 2007),Pieces de theatre
Costa Rica 10ed,9.85,"Un guide entièrement repensé, en phase avec les nouvelles tendances du monde du voyage : abondamment illustré pour offrir un avant-goût de la destination, clair et synthétique pour construire facilement son itinéraire, riche en conseils et astuces pour des expériences au plus près des habitants.",978-2384923618,https://m.media-amazon.com/images/I/71waHPhA9HL._SY522_.jpg,Lonely Planet; 10e édition (16 novembre 2023),Pieces de theatre
Juste la fin du monde,15.59,"Le ls retourne dans sa famille pour l&#39informer de sa mort prochaine. Ce sont les retrouvailles avec le cercle familial où l&#39on se dit l&#39amour que l&#39on se porte à travers les éternelles querelles. De ce e visite qu&#39il voulait dé ni ve, le ls repar ra sans avoir rien dit. La pièce intègre la liste des oeuvres inscrites au programme de français de première pour les épreuves anticipées du baccalauréat sec ons générales et technologiques",978-2846816120,https://m.media-amazon.com/images/I/41iEnk8znAL._SY445_SX342_.jpg,SOLITAIRES INT (26 juin 2020),Pieces de theatre
"L&#39obsolescence de l&#39homme : Sur l&#39âme à l&#39époque de la deuxième révolution industrielle, 1956",6.18,""" Tout le monde est d&#39une certaine manière occupé et employé comme travailleur à domicile. Un travailleur à domicile d&#39un genre pourtant très particulier. Car c&#39est en consommant la marchandise de masse - c&#39est-à-dire grâce à ses loisirs - qu&#39il accomplit sa tâche, qui consiste à se transformer lui-même en homme de masse. Alors que le travailleur à domicile classique fabriquait des produits pour s&#39assurer un minimum de biens de consommation et de loisirs, celui d&#39aujourd&#39hui consomme au cours de ses loisirs un maximum de produits pour, ce faisant, collaborer à la production des hommes de masse. Le processus tourne même résolument au paradoxe puisque le travailleur à domicile, au lieu d&#39être rémunéré pour sa collaboration, doit au contraire lui-même la payer, c&#39est-à-dire payer les moyens de production dont l&#39usage fait de lui un homme de masse (l&#39appareil et, le cas échéant, dans de nombreux pays, les émissions elles-mêmes). Il paie donc pour se vendre. Sa propre servitude, celle-là même qu&#39il contribue à produire, il doit l&#39acquérir en l&#39achetant puisqu&#39elle est, elle aussi, devenue une marchandise. "" "" Le monde comme fantôme et comme matrice """,978-2910386146,https://m.media-amazon.com/images/I/91HiSzTJpaL._SY522_.jpg,Editions de l&#39Encyclopédie des Nuisances; 1er édition (10 avril 2002),Pieces de theatre
La Musica - La Musica Deuxième,5.6,"Un homme et une femme se croisent, un soir, dans un hôtel de province. Ils sortent du tribunal qui vient de prononcer leur divorce. Tout est fini, comme après une mort. Alors ils peuvent parler. Cela n&#39a plus d&#39importance. C&#39est du moins ce qu&#39ils voudraient croire. Tout est fini, donc tout peut commencer. La parole ira jusqu&#39au bout, et l&#39amour aussi. Scénario pour la télévision anglaise, ""dramatique"" devenue une première pièce de théâtre, puis un film de cinéma, puis une deuxième pièce, La Musica ne cesse de réécrire l&#39impossible partition de l&#39amour.",978-2070793297,https://m.media-amazon.com/images/I/71ZY-1UpFfL._SY522_.jpg,FOLIO THEATRE (14 juin 2018),Pieces de theatre
Tous des oiseaux,7.22,"Éperdument amoureux, Eitan et Wahida tentent de résister à la réalité historique à laquelle ils sont confrontés.
Mais les choses tournent mal sur le pont Allenby, entre Israël et la Jordanie : victime d’une attaque terroriste, Eitan tombe dans le coma. C’est dans cet espace-temps suspendu qu’il reçoit la visite forcée de ses parents et de ses grands-parents, alors que les chagrins identitaires, le démon des détestations, les idéologies torses s’enflamment et que les oiseaux du malheur attaquent en piqué le cœur et la raison de chacun.
Que sait-on des secrets de sa famille, de quels revers de l’Histoire et de quelles violences sommes- nous tous les héritiers ? Si l’on naît dans le lit de notre ennemi, comment empêcher que l’hémoglobine en nos veines ne devienne une mine antipersonnel?",978-2330126131,https://m.media-amazon.com/images/I/516tQOTu4eL._SY522_.jpg,Babel (21 août 2019),Pieces de theatre
Death of a Salesman: Certain Private Conversations in Two Acts and a Requiem,5.23,,,https://m.media-amazon.com/images/I/71OrRHv6npL._SY522_.jpg,,Pieces de theatre
Une maison de poupée,14.83,,978-2253052555,https://m.media-amazon.com/images/I/81Q9jOxj1cL._SY522_.jpg,Le Livre de Poche (5 juin 2002),Pieces de theatre
Knock ou Le Triomphe de la Médecine,15.16,"""Le tambour : Quand j&#39ai dîné, il y a des fois que je sens une espèce de démangeaison ici. Ça me chatouille, ou plutôt ça me grattouille. Knock : Attention. Ne confondons pas. Est-ce que ça vous chatouille, ou est-ce que ça vous grattouille ? Le tambour : Ça me grattouille. Mais ça me chatouille bien un peu aussi... Knock : Est-ce que ça ne vous grattouille pas davantage quand vous avez mangé de la tête de veau à la vinaigrette ? Le tambour : Je n&#39en mange jamais. Mais il me semble que si j&#39en mangeais, effectivement, ça me grattouillerait plus.""",978-2070360604,https://m.media-amazon.com/images/I/71SK+1lYzmL._SY522_.jpg,FOLIO; Folio édition (28 mars 1972),Pieces de theatre
Marius,6.99,"  Le port de Marseille, dans les années vingt. Marius, le fils de César, patron du bar de la Marine, est partagé entre son amour pour Fanny, la petite marchande de coquillages, et son désir de prendre la mer, de parcourir le monde...

Lorsque Marcel Pagnol, en 1929, fait représenter Marius sur une scène parisienne, sans doute ne se doute-t-il pas que ses personnages deviendront aussi célèbres qu&#39Harpagon ou monsieur Jourdain.
Deux ans plus tard, Pagnol et Alexander Korda en tirent un film. Raimu, Charpin, Orane Demazis, Pierre Fresnay reprennent leurs rôles, et la pellicule les immortalise. Ils feront le tour de la terre....",978-2877065139,https://m.media-amazon.com/images/I/91IH7Uzc76L._SY522_.jpg,Grasset; Éditions de Fallois (25 août 2004),Pieces de theatre
L&#39Atelier,11.14,"« Ma sœur aussi ils l’ont prise en 43… – Elle est revenue ? – Non… » Dans un atelier de confection, au lendemain de la Seconde Guerre mondiale, cohabitent ceux que le nazisme a frappés de plein fouet et ceux qu’il a épargnés. À la parole dévorante ou interdite des uns, répond l’agitation des autres, entre restrictions alimentaires et joies de la Libération.
À travers une galerie de personnages attachants, Jean-Claude Grumberg restitue le quotidien de 1945 à 1952. Passant du rire aux larmes, il relie l’intime à l’histoire, les traumatismes personnels à la mémoire collective.",978-2330167455,https://m.media-amazon.com/images/I/51X0fypPIJL._SY522_.jpg,Actes Sud; Illustrated édition (17 août 2022),Pieces de theatre
Le Misanthrope,12.04,"Alceste est un ""mélancolique"" qui s&#39aveugle sur lui-même pour mieux condamner les autres. Placé dans une situation sociale comique, amoureux d&#39une coquette, il voit défiler tous les types humains qu&#39il réprouve. Molière a enfermé toute une époque dans un salon mondain, pour critiquer une société ambitieuse, avide et cynique. Il donne parfois raison à Alceste, lui qui refuse de se soumettre au mensonge et à l&#39artifice, lui qui affirme radicalement : ""J&#39ai tort, ou j&#39ai raison."" Alceste n&#39est pas en accord avec son temps : il rejette les compromis, proteste contre la frivolité des salons et la fausseté des rapports humains. Le Misanthrope est ainsi la pièce la plus complexe de Molière, car la plus fidèle aux contradictions de l&#39homme et de la société.",978-2070449934,https://m.media-amazon.com/images/I/71l4vR9woSL._SY522_.jpg,FOLIO (DP) PRESCRIPTION (10 janvier 2013),Pieces de theatre
La formation de l&#39acteur,16.49,"""Ne cherchez jamais à être jaloux, ou amoureux, ou à souffrir pour le plaisir. Ne copiez pas les passions. Votre façon de les interpréter doit venir de votre façon de les vivre."" (Constantin Stanislavski) Voici le livre de chevet de tous les acteurs encore aujourd&#39hui. Publié en 1936, écrit de manière très vivante et pédagogique sous la forme d&#39un journal intime tenu par un élève de Constantin Stanislavski, il montre comment être un bon acteur. Tous les aspects sont abordés: l&#39action, la créativité, la concentration, la relaxation des muscles, le travail en groupe, la mémoire, etc. Stanislavski avait une obsession : comment jouer juste, jouer vrai. Ce livre est sa méthode. Fondée sur l&#39émotion, elle a révolutionné le jeu de l&#39acteur et donné naissance à l&#39«Actor&#39s Studio».",978-2228913508,https://m.media-amazon.com/images/I/516JYabuznL._SY522_.jpg,Payot (17 juin 2015),Pieces de theatre
Bérénice,19.71,"Un empereur romain ne peut épouser une reine étrangère : cette loi implacable plonge Titus dans un profond désespoir. Fou amoureux de Bérénice, reine de Palestine, il doit choisir entre la gloire et les élans de son coeur, et se résout à quitter celle qu&#39il aime. Son ambition est grande, sa décision irrémédiable... mais, à l&#39idée de l&#39annoncer à Bérénice, l&#39empereur chancelle...Représentée pour la première fois en 1670, cette pièce est l&#39un des plus grands succès de Racine.. Objets d&#39étude : Dire l&#39amour ; La tragédie et la comédie au XVIIe siècle : le classicisme. Dossier pédagogique spécial nouveaux programmes. Prolongement : Vers le commentaire composé.Classes de 4e et de seconde.",978-2290151358,https://m.media-amazon.com/images/I/61Ynq6L+z9L._SY522_.jpg,J&#39ai lu (6 septembre 2017),Pieces de theatre
A Streetcar Named Desire,6.72,,978-0141190273,https://m.media-amazon.com/images/I/91ctMEKnWEL._SY522_.jpg,Penguin Classics; 1er édition (5 mars 2009),Pieces de theatre
Synchronicity,8.51,,978-2813226662,https://m.media-amazon.com/images/I/611ci92E+EL._SY522_.jpg,Les éditions Trédaniel; Illustrated édition (9 juin 2022),Pieces de theatre
Le jeu de l&#39amour et du hasard,15.89,"Silvia n&#39épousera pas son fiancé sans le connaître ! Et si son bon caractère en public n&#39était qu&#39une façade ? Pour découvrir le vrai visage de Dorante, elle échange sa place avec Lisette, sa servante. Mais voilà que le jeune homme a eu la même idée... Dans un ballet de déguisements où se confrontent amour et apparences, cette comédie profite du renversement des positions pour proposer une réflexion sociale derrière les quiproquos. - Objet d&#39étude : Le théâtre du XVIIᵉ siècle au XXIᵉ siècle [Lycée] - Dossier pédagogique : Cinq fiches pour saisir les enjeux de l&#39oeuvre - Prolongement : Stratagèmes amoureux chez Marivaux (corpus de textes).",978-2290390368,https://m.media-amazon.com/images/I/61Ip1uOheML._SY522_.jpg,J&#39AI LU (26 avril 2023),Pieces de theatre
Topaze,6.64,"Un modeste professeur, honnête, naïf et méprisé, se trouve embauché par un conseiller municipal véreux qui veut l&#39utiliser comme prête-nom...",978-2877065160,https://m.media-amazon.com/images/I/81fDk6Zi-KL._SY522_.jpg,Grasset (25 août 2004),Pieces de theatre
Carpe diem: l&#39art du bonheur selon les poètes de la Renaissance,5.55,""" Vous serez au foyer une vieille accroupie Regrettant mon amour et votre fier dédain. Vivez, si m&#39en croyez, n&#39attendez à demain Cueillez dès aujourd&#39hui les roses de la vie. "" Ronsard. Inspirés par leurs prédécesseurs latins tels Épicure et Horace, les poètes de la Renaissance invitent à profiter de la vie et à goûter chaque jour comme si c&#39était le dernier. De Ronsard ou Du Bellay et leur exhortation à jouir des plaisirs de l&#39existence, aux mélancoliques Baudelaire ou Lamartine, le thème n&#39a cessé d&#39inspirer les poètes. Certains le fêtent, d&#39autres le fuient. Mais tous ont un seul ennemi : le temps. Alors ne le perdons pas : Carpe diem !",978-2290354827,https://m.media-amazon.com/images/I/71lLhsmi3OL._SY522_.jpg,J&#39AI LU (30 mai 2006),Pieces de theatre
Macbeth,5.17,"MACBETH Ce qu&#39un homme ose, je l&#39ose ! Viens à moi Sous l&#39apparence de l&#39ours russe le plus farouche, Du rhinocéros le plus hérissé, du tigre Le plus féroce de l&#39Hyrcanie. Prends toute forme Sauf celle-ci, et mes nerfs assurés ne trembleront pas. Ou encore : revis, et défie-moi Au combat à l&#39épée jusque sur la lande déserte Et si je reste ici à trembler de peur, tu pourras me dire Une poule mouillée. Va-t&#39en, va-t&#39en, Horrible spectre, image sans substance ! (Acte III, scène IV)",978-2070468492,https://m.media-amazon.com/images/I/71rS0hsbkGL._SY522_.jpg,FOLIO (DP) PRESCRIPTION (7 janvier 2016),Pieces de theatre
Cyrano de Bergerac,5.4,"Provoqué par un fâcheux, Cyrano se moque audacieusement de lui-même et de son nez, objet de sa disgrâce. Séduire Roxane ? Il n&#39ose y songer. Mais puisqu&#39elle aime Christian, un cadet de Gascogne qui brille plus par son apparence que par ses reparties, pourquoi ne pas tenter une expérience ? ""Je serai ton esprit, tu seras ma beauté, dit Cyrano à son rival. Tu marcheras, j&#39irai dans l&#39ombre à ton côté."" Christian ne s&#39y trompe pas ; à travers lui, la belle Roxane en aime en fait un autre. Et Cyrano, s&#39il entrevoit le bonheur un instant, ne peut oublier son physique ingrat... Un jeu étrange, et dangereux. Dossier pédagogique Dire l&#39amour Individu et société : confrontations de valeurs ?",978-2290407578,https://m.media-amazon.com/images/I/71dp8hp1aRL._SY522_.jpg,J&#39AI LU (15 mai 2024),Pieces de theatre
Le Malade imaginaire,17.81,"Dossier pédagogique de C. Moreau. Argan est un malade imaginaire qui se pense atteint de mille maux. Il croit avoir trouvé l&#39ultime remède en mariant sa fille, Angélique, à un médecin... Dans le volume, de nombreux documents pour étudier différentes mises en scène de la pièce. Groupements de textes : 1. Drôles de consultations médicales 2. Les amours contrariées au théâtre",978-2701183398,https://m.media-amazon.com/images/I/81yLRix2oFL._SY522_.jpg,Belin - Gallimard; Illustrated édition (20 avril 2014),Pieces de theatre
Jeux et enjeux: La boite à outils de l&#39improvisation théâtrale,6.39,"Pensé pour inspirer la créativité et fournir des outils qui aident à offrir des expériences et proposer des spectacles improvisés innovants, Jeux et enjeux – La boîte à outils de l’improvisation théâtrale est un ouvrage d’une valeur inestimable pour quiconque s’intéresse à l’art du théâtre improvisé, qu’il soit étudiant débutant ou artiste expérimenté.",978-2844813022,https://m.media-amazon.com/images/I/61lgf0ab9UL._SY466_.jpg,DIXIT; 2e édition (25 septembre 2024),Pieces de theatre
Les Poupées,18.44,Un duo de flics atypique à la poursuite d&#39un serial killer aux identités multiples.,978-2266331319,https://m.media-amazon.com/images/I/71WiCfZVdxL._SY522_.jpg,Pocket (9 mars 2023),Pieces de theatre
Rose et Massimo,9.95,"Massimo est un jeune poète oisif. Un matin, son ami Aldo le réveille à la hâte. Il faut qu’il le remplace pour son cours d’italien auprès d’une princesse. Une princesse ? Que va-t-il lui dire ? Que doit-il lui apprendre ? L’italien ? Il ne le parle pas. L’amour ? Il n’en sait rien. Parler de lui ? Impossible.",978-2213720975,https://m.media-amazon.com/images/I/91hh7MzAzaL._SY522_.jpg,Fayard (31 mai 2023),Pieces de theatre
Hamlet,12.17,"HAMLET Voici l&#39heure sinistre de la nuit, L&#39heure des tombes qui s&#39ouvrent, celle où l&#39enfer Souffle au-dehors sa peste sur le monde. Maintenant je pourrais boire le sang chaud Et faire ce travail funeste que le jour Frissonnerait de voir... Mais, paix ! D&#39abord ma mère. Oh, n&#39oublie pas, mon coeur, qui elle est. Que jamais Une âme de Néron ne hante ta vigueur ! Sois féroce mais non dénaturé. Mes mots seuls la poignarderont ; c&#39est en cela Que mon âme et ma voix seront hypocrites ; Mon âme ! aussi cinglantes soient mes paroles, Ne consens pas à les marquer du sceau des actes ! (Acte III, scène II).",978-2070468508,https://m.media-amazon.com/images/I/61PELf9ru0L._SY522_.jpg,Folio (7 janvier 2016),Pieces de theatre
Éden,19.64,"Au mauvais endroit, au mauvais moment, Samir succombe aux tirs SAIDI d&#39un terroriste. Arrivé à la porte du jardin d&#39Éden, il apprend que l&#39amour de sa vie, Valérie, se trouve en enfer après avoir commis un attentat pour venger sa mort. Samir renonce au paradis et entreprend un voyage à travers la géhenne pour sauver sa bien-aimée. Dernier volet de la trilogie initiée avec Djihad, Éden nous propose une virée en enfer qui n&#39est pas sans rappeler le mythe d&#39Orphée et Eurydice. Sans jamais renoncer à l&#39humour, Ismaël Saidi aborde des sujets sensibles tels que la haine de l&#39autre, l&#39intolérance religieuse, la vengeance... mais aussi la rédemption et l&#39amour. Il ouvre ainsi la voie à un dialogue nécessaire autour de la radicalisation.",978-2290401248,https://m.media-amazon.com/images/I/61Gp86FJPvL._SY522_.jpg,J&#39AI LU (3 avril 2024),Pieces de theatre
Heroes of Olympus Complete Collection 5 Books Set -The Lost Hero/The Son of Neptune/The Mark of Athena/The Blood of Olympus,12.4,"Jason, Piper et Leo n&#39ont aucune idée de ce à quoi s&#39attendre du camp, mais ils apprennent bientôt que c&#39est le seul endroit sûr pour eux, étant donné qu&#39ils sont tous des enfants des dieux grecs. Le trio remarque des monstres errant dans les bois et des demi-dieux pratiquant le tir à l&#39arc, mais ils entendent également des rumeurs d&#39une terrible malédiction et d&#39un héros manquant. Il se rend vite compte qu&#39ils sont les élus et qu&#39ils sont sur le point de se lancer dans une nouvelle quête terrifiante... Ces lectures rugissantes comportent également des batailles passionnantes avec des géants ; un voyage à Rome pour trouver Athena Parthenos ; une tentative d&#39empêcher les monstres de passer à travers les « Portes de la mort ; et un voyage qui change le monde à Athènes... Ces livres passionnants raviront tous ceux qui aiment les livres de Percy Jackson et ceux qui sont intrigués par les légendes et les mythes.",978-9526515090,https://m.media-amazon.com/images/I/81DFQrtgg5L._SY385_.jpg,puffin books (1 janvier 2015),Pieces de theatre
Bérénice,13.85,"Dossier pédagogique de M. Hubac. Pour ne pas bafouer la raison d&#39État, Titus doit renoncer à Bérénice, la reine d&#39Orient dont il est fou amoureux. Dans ce volume, des documents iconographiques pour étudier les mises en scène de la tragédie du xviie siècle à nos jours. Groupements de textes : 1. Amours sacrifiées 2. La scène est à Rome...",978-2701156293,https://m.media-amazon.com/images/I/71DXDY+GPlL._SY522_.jpg,Belin - Gallimard (7 juin 2011),Pieces de theatre
Le Médecin volant suivi de L&#39Amour médecin,6.67,"Dans Le Médecin volant et L&#39Amour médecin, deux pères arrangent le mariage de leurs filles, en dépit des sentiments de celles-ci. Alors, quand on ne peut pas désobéir, il faut ruser ! Pour empêcher ces unions, Lucile et Lucinde font semblant de tomber malades. À leur chevet défilent une galerie de personnages comiques : valets malicieux, médecins bouffons, pères crédules... Tous les aideront, parfois malgré eux, à faire triompher l&#39amour. Ces deux courtes comédies-ballets foisonnent de rebondissements extravagants. Mais si elle se dissimule derrière le rire, la critique de la médecine du Grand Siècle et des abus de pouvoir n&#39en est pas moins cinglante. Dossier pédagogique Résister au plus fort : ruses, mensonges et masques Avec autrui : familles, amis, réseaux",978-2290407479,https://m.media-amazon.com/images/I/717gy0ePajL._SY522_.jpg,J&#39AI LU (15 mai 2024),Pieces de theatre
L&#39Avare: avec un groupement thématique « Portraits d&#39avares »,16.49,"En lien avec le thème « Individu et société : confrontation de valeurs ? » du nouveau programme de français en 4e, la célèbre comédie de Molière dans une édition « Spécial théâtre : avec des ateliers théâtre, des photos de mise en scène et des extraits vidéo.",978-2218991417,https://m.media-amazon.com/images/I/71qV8sW3y3L._SY522_.jpg,Hatier; Illustrated édition (19 août 2015),Pieces de theatre
Le Bourgeois Gentilhomme,13.79,,978-2266289955,https://m.media-amazon.com/images/I/61PaXb2k-AL._SY522_.jpg,Pocket (26 novembre 2018),Pieces de theatre
"Bibliolycée - Les Caprices de Marianne, Alfred de Musset",19.43,,978-2011691965,https://m.media-amazon.com/images/I/71lUM4CN9ML._SY522_.jpg,Hachette Education (17 mai 2006),Pieces de theatre
Le Square: Bac Pro 2025,8.18,"Un homme et une femme font connaissance dans un jardin public. Peut-être assistons-nous à la naissance d&#39un amour. Mais là n&#39est pas l&#39essentiel : dans ces instants partagés, dans ces silences échangés, ils atteindront à la fois une forme d&#39exil absolu et une forme de communion profonde. La nuit peut venir. Le square peut fermer. Après Nathalie Sarraute, après Beckett, mais d&#39une façon totalement singulière et qu&#39elle ne renouvellera jamais avec une telle évidence, Marguerite Duras s&#39est délibérément placée sur le terrain du rien, de ce rien qui est la chose même, le coeur des choses, et dont Flaubert, le premier sans doute, avait rêvé l&#39avènement. Non qu&#39elle se révèle ici héritière du réalisme ou représentante patentée du Nouveau Roman, mais c&#39est bien dans cette zone de l&#39infiniment petit, patiemment défrichée par la modernité, qu&#39elle choisit de se situer.",978-2073082817,https://m.media-amazon.com/images/I/71yn6Bm--WL._SY522_.jpg,FOLIO (7 mai 2024),Pieces de theatre
